"customer_id","customer_name","total_payment"
148,"Eleanor Hunt","211.55"
526,"Karl Seal","208.58"
178,"Marion Snyder","194.61"
137,"Rhonda Kennedy","191.62"
144,"Clara Shaw","189.60"
459,"Tommy Collazo","183.63"
181,"Ana Bradley","167.67"
410,"Curtis Irby","167.62"
236,"Marcia Dean","166.61"
403,"Mike Way","162.67"
522,"Arnold Havens","161.68"
469,"Wesley Bull","158.65"
470,"Gordon Allard","157.69"
373,"Louis Leone","156.66"
259,"Lena Jensen","154.70"
468,"Tim Cary","154.66"
462,"Warren Sherrod","152.69"
372,"Steve Mackenzie","152.68"
187,"Brittany Riley","151.73"
550,"Guy Brownlee","151.69"
176,"June Carroll","151.68"
532,"Neil Renner","149.69"
75,"Tammy Sanders","149.61"
209,"Tonya Chapman","147.71"
26,"Jessica Hall","146.68"
21,"Michelle Clark","146.68"
86,"Jacqueline Long","146.68"
211,"Stacey Montgomery","146.67"
346,"Arthur Simpkins","145.70"
366,"Brandon Huey","145.64"
50,"Diane Collins","144.70"
360,"Ralph Madrigal","144.68"
348,"Roger Quintanilla","144.66"
513,"Duane Tubbs","143.70"
454,"Alex Gresham","143.68"
347,"Ryan Salisbury","142.70"
390,"Shawn Heaton","142.69"
267,"Margie Wade","142.67"
257,"Marsha Douglas","142.66"
39,"Debra Nelson","141.71"
78,"Lori Wood","141.69"
362,"Nicholas Barfield","140.69"
363,"Roy Whiting","139.72"
119,"Sherry Marshall","139.69"
368,"Harry Arce","139.69"
66,"Janice Ward","139.67"
237,"Tanya Gilbert","138.69"
29,"Angela Hernandez","138.65"
87,"Wanda Patterson","137.72"
80,"Marilyn Ross","137.70"
439,"Alexander Fennell","137.67"
558,"Jimmie Eggleston","135.72"
494,"Ramon Choate","135.70"
576,"Morris Mccarter","135.68"
591,"Kent Arsenault","134.73"
467,"Alvin Deloach","134.72"
479,"Zachary Hite","134.71"
210,"Ella Oliver","134.70"
120,"Sylvia Ortiz","134.70"
204,"Rosemary Schmidt","134.69"
15,"Helen Harris","134.68"
5,"Elizabeth Brown","134.65"
349,"Joe Gilliland","133.72"
404,"Stanley Scroggins","133.71"
172,"Bernice Willis","133.70"
197,"Sue Peters","133.68"
265,"Jennie Terry","132.72"
533,"Jessie Milam","132.70"
380,"Russell Brinson","132.65"
472,"Greg Robins","131.74"
13,"Karen Jackson","131.73"
125,"Ethel Webb","131.69"
46,"Catherine Campbell","131.69"
3,"Linda Williams","130.76"
273,"Priscilla Lowe","130.72"
7,"Maria Miller","130.72"
502,"Brett Cornwell","130.70"
566,"Casey Mena","130.68"
342,"Harold Martino","130.68"
112,"Rosa Reynolds","129.72"
560,"Jordan Archuleta","129.71"
102,"Crystal Ford","129.70"
168,"Regina Berry","129.68"
484,"Roberto Vu","128.73"
242,"Glenda Frazier","128.71"
103,"Gladys Hamilton","128.71"
84,"Sara Perry","128.70"
196,"Alma Austin","128.69"
448,"Miguel Betancourt","127.73"
221,"Bessie Morrison","127.73"
520,"Mitchell Westmoreland","127.69"
141,"Debbie Reyes","127.69"
38,"Martha Gonzalez","127.66"
200,"Jeanne Lawson","126.74"
206,"Terri Vasquez","126.73"
436,"Troy Quigley","126.73"
146,"Jamie Rice","126.73"
108,"Tracy Cole","126.72"
114,"Grace Ellis","126.70"
426,"Bradley Motley","125.74"
482,"Maurice Crawley","125.74"
295,"Daisy Bates","125.72"
147,"Joanne Robertson","125.68"
354,"Justin Ngo","125.67"
45,"Janet Phillips","124.74"
89,"Julia Flores","124.71"
198,"Elsie Kelley","124.68"
129,"Carrie Porter","124.66"
2,"Patricia Johnson","123.74"
300,"John Farnsworth","123.74"
506,"Leslie Seward","123.72"
371,"Billy Poulin","123.71"
27,"Shirley Allen","123.70"
51,"Alice Stewart","123.70"
30,"Melissa King","123.66"
92,"Tina Simmons","122.74"
434,"Eddie Tomlin","122.74"
535,"Javier Elrod","122.72"
163,"Cathy Spencer","122.71"
244,"Viola Hanson","122.70"
473,"Jorge Olivares","122.69"
508,"Milton Howland","121.77"
166,"Lynn Payne","121.73"
497,"Gilbert Sledge","121.73"
438,"Barry Lovelace","121.70"
451,"Jim Rea","121.70"
406,"Nathan Runyon","121.69"
491,"Rick Mattox","120.75"
423,"Alfred Casillas","120.74"
179,"Dana Hart","120.74"
499,"Marc Outlaw","120.71"
122,"Thelma Murray","120.70"
59,"Cheryl Murphy","119.76"
389,"Alan Kahn","119.75"
487,"Hector Poindexter","119.74"
207,"Gertrude Castillo","119.72"
306,"Charles Kowalski","119.72"
82,"Kathryn Coleman","118.76"
589,"Tracy Herrmann","118.75"
41,"Stephanie Mitchell","118.75"
565,"Jaime Nettles","118.73"
35,"Virginia Green","118.70"
128,"Marjorie Tucker","118.70"
230,"Joy George","118.69"
583,"Marshall Thorn","117.77"
285,"Miriam Mckinney","117.77"
585,"Perry Swafford","117.76"
504,"Nathaniel Adam","117.75"
421,"Lee Hawks","117.75"
573,"Byron Box","117.72"
49,"Joyce Edwards","116.76"
149,"Valerie Black","116.75"
253,"Terry Carlson","116.74"
274,"Naomi Jennings","116.73"
263,"Hilda Hopkins","116.73"
71,"Kathy James","116.72"
356,"Gerald Fultz","116.71"
56,"Gloria Cook","115.74"
512,"Cecil Vines","115.74"
529,"Erik Guillen","115.72"
393,"Philip Causey","115.71"
158,"Veronica Stone","115.70"
279,"Dianne Shelton","114.76"
54,"Teresa Rogers","114.74"
262,"Patsy Davidson","114.73"
584,"Salvador Teel","114.73"
388,"Craig Morrell","114.72"
107,"Florence Woods","114.72"
1,"Mary Smith","114.70"
433,"Don Bone","113.77"
309,"Christopher Greco","113.75"
266,"Nora Herrera","113.74"
302,"Michael Silverman","113.74"
139,"Amber Dixon","113.73"
569,"Dave Gardiner","113.73"
416,"Jeffery Pinson","113.72"
314,"George Linton","113.71"
260,"Christy Vargas","113.70"
540,"Tyrone Asher","112.76"
582,"Andy Vanhorn","112.76"
63,"Ashley Richardson","112.75"
32,"Amy Lopez","112.74"
131,"Monica Hicks","112.73"
485,"Clyde Tobias","112.72"
453,"Calvin Martel","111.77"
337,"Jerry Jordon","111.76"
225,"Arlene Harvey","111.76"
577,"Clifton Malcolm","111.74"
173,"Audrey Ray","111.73"
579,"Daryl Larue","111.73"
113,"Cindy Fisher","111.73"
186,"Holly Fox","111.71"
592,"Terrance Roush","111.71"
42,"Carolyn Perez","111.71"
531,"Jamie Waugh","110.77"
258,"Myrtle Fleming","110.76"
495,"Charlie Bess","110.76"
515,"Andre Rapp","110.74"
154,"Michele Grant","110.73"
213,"Gina Williamson","110.73"
559,"Everett Banda","110.72"
90,"Ruby Washington","110.72"
595,"Terrence Gunderson","110.71"
241,"Heidi Larson","110.68"
170,"Beatrice Arnold","109.77"
536,"Fernando Churchill","109.77"
575,"Isaac Oglesby","109.76"
16,"Sandra Martin","109.75"
220,"Charlene Alvarez","109.75"
538,"Ted Breaux","109.73"
447,"Clifford Bowens","109.73"
376,"Randy Gaither","109.73"
386,"Todd Tan","109.72"
446,"Theodore Culp","109.72"
481,"Herman Devore","109.72"
424,"Kyle Spurlock","109.71"
284,"Sonia Gregory","108.78"
594,"Eduardo Hiatt","108.77"
590,"Seth Hannon","108.76"
277,"Olga Jimenez","108.76"
518,"Gabriel Harder","108.75"
334,"Raymond Mcwhorter","108.75"
574,"Julian Vest","108.73"
239,"Minnie Romero","108.72"
167,"Sally Pierce","108.71"
293,"Mae Fletcher","107.79"
571,"Johnnie Chisholm","107.78"
427,"Jesus Mccartney","107.77"
332,"Stephen Qualls","107.74"
588,"Marion Ocampo","107.73"
441,"Mario Cheatham","107.73"
145,"Lucille Holmes","107.73"
157,"Darlene Rose","107.71"
254,"Maxine Silva","107.70"
418,"Jeff East","107.70"
91,"Lois Butler","107.66"
477,"Dan Paine","106.79"
343,"Douglas Graf","106.77"
240,"Marlene Welch","106.77"
155,"Gail Knight","106.76"
234,"Claudia Fuller","106.75"
471,"Dean Sauer","106.74"
116,"Victoria Gibson","106.74"
160,"Erin Dunn","106.73"
23,"Sarah Lewis","106.73"
457,"Bill Gavin","106.73"
52,"Julie Sanchez","106.72"
138,"Hazel Warren","106.68"
331,"Eric Robert","105.78"
127,"Elaine Stevens","105.78"
490,"Sam Mcduffie","105.78"
193,"Katie Elliott","105.77"
294,"Shelly Watts","105.77"
400,"Bryan Hardison","105.76"
58,"Jean Bell","105.76"
396,"Earl Shanks","105.74"
40,"Amanda Carter","105.74"
96,"Diana Alexander","105.73"
444,"Marcus Hidalgo","105.72"
28,"Cynthia Young","105.70"
345,"Carl Artis","104.79"
493,"Brent Harkins","104.78"
289,"Violet Rodriquez","104.76"
121,"Josephine Gomez","104.75"
171,"Dolores Wagner","104.75"
31,"Brenda Wright","104.74"
407,"Dale Ratcliff","104.74"
25,"Deborah Walker","104.73"
397,"Jimmy Schrader","104.72"
442,"Leroy Bustamante","104.71"
341,"Peter Menard","103.78"
296,"Ramona Hale","103.77"
280,"Tracey Barrett","103.77"
245,"Courtney Day","103.74"
202,"Carla Gutierrez","103.74"
214,"Kristin Johnston","103.74"
408,"Manuel Murrell","103.73"
20,"Sharon Robinson","103.73"
292,"Misty Lambert","102.78"
553,"Max Pitt","102.77"
510,"Ben Easter","102.77"
587,"Sergio Stanfield","102.76"
98,"Lillian Griffin","102.76"
126,"Ellen Simpson","102.75"
190,"Yolanda Weaver","102.75"
44,"Marie Turner","101.79"
466,"Leo Ebert","101.78"
100,"Robin Hayes","101.77"
593,"Rene Mcalister","101.76"
405,"Leonard Schofield","101.70"
486,"Glen Talbert","100.77"
517,"Brad Mccurdy","100.76"
572,"Sidney Burleson","100.76"
251,"Vickie Brewer","100.75"
219,"Willie Howell","100.75"
135,"Juanita Mason","100.72"
519,"Ron Deluca","99.78"
11,"Lisa Anderson","99.77"
297,"Sherri Rhodes","99.74"
57,"Evelyn Morgan","99.74"
563,"Ken Prewitt","99.73"
503,"Angel Barclay","99.72"
452,"Tom Milner","99.71"
381,"Bobby Boudreau","99.68"
19,"Ruth Martinez","98.82"
329,"Frank Waggoner","98.77"
175,"Annette Olson","98.76"
537,"Clinton Buford","98.76"
374,"Jeremy Hurtado","98.75"
425,"Francis Sikes","98.75"
264,"Gwendolyn May","98.75"
580,"Ross Grey","98.74"
65,"Rose Howard","97.80"
367,"Adam Gooch","97.80"
460,"Leon Bostic","97.79"
475,"Pedro Chestnut","97.78"
192,"Laurie Lawrence","97.78"
409,"Rodney Moeller","97.78"
562,"Wallace Slone","97.78"
123,"Shannon Freeman","97.77"
256,"Mabel Holland","97.75"
581,"Virgil Wofford","97.75"
379,"Carlos Coughlin","96.79"
269,"Cassandra Walters","96.79"
268,"Nina Soto","96.79"
352,"Albert Crouse","96.78"
83,"Louise Jenkins","96.78"
414,"Vincent Ralston","96.77"
14,"Betty White","96.77"
445,"Micheal Forman","96.76"
317,"Edward Baugh","96.76"
286,"Velma Lucas","96.76"
422,"Melvin Ellington","96.75"
500,"Reginald Kinder","96.75"
74,"Denise Kelly","96.74"
554,"Dwayne Olvera","95.80"
106,"Connie Wallace","95.79"
578,"Willard Lumpkin","95.79"
180,"Stacy Cunningham","95.78"
541,"Darren Windham","95.78"
488,"Shane Millard","95.78"
324,"Gary Coy","95.78"
339,"Walter Perryman","95.76"
199,"Beth Franklin","95.76"
456,"Ronnie Ricketts","95.76"
132,"Esther Crawford","95.72"
22,"Laura Rodriguez","94.81"
68,"Nicole Peterson","94.78"
150,"Danielle Daniels","94.78"
276,"Brandy Graves","94.77"
153,"Suzanne Nichols","94.76"
10,"Dorothy Taylor","94.76"
161,"Geraldine Perkins","94.76"
546,"Kelly Knott","94.76"
111,"Carmen Owens","94.75"
321,"Kevin Schuler","93.83"
528,"Claude Herzog","93.80"
432,"Edwin Burk","93.80"
443,"Francisco Skidmore","93.79"
319,"Ronald Weiner","93.79"
336,"Joshua Mark","93.78"
105,"Dawn Sullivan","93.78"
385,"Phillip Holm","93.76"
229,"Tamara Nguyen","93.75"
383,"Martin Bales","93.75"
12,"Nancy Thomas","93.74"
377,"Howard Fortner","93.74"
47,"Frances Parker","92.81"
307,"Joseph Joy","92.80"
544,"Cody Nolen","92.80"
81,"Andrea Henderson","92.79"
365,"Bruce Schwarz","92.79"
511,"Chester Benner","92.78"
431,"Joel Francisco","92.78"
182,"Renee Lane","92.76"
516,"Elmer Noe","92.76"
188,"Melanie Armstrong","92.75"
474,"Dustin Gillette","92.75"
275,"Carole Barnett","92.75"
489,"Ricardo Meador","91.81"
505,"Rafael Abney","91.81"
212,"Wilma Richards","91.80"
37,"Pamela Baker","91.79"
417,"Travis Estep","91.78"
201,"Vicki Fields","91.78"
392,"Sean Douglass","91.77"
570,"Ivan Cromwell","91.75"
323,"Matthew Mahan","91.75"
64,"Judith Cox","91.70"
216,"Natalie Meyer","90.78"
261,"Deanna Byrd","90.78"
99,"Emily Diaz","90.77"
36,"Kathleen Adams","90.75"
461,"Derek Blakely","90.73"
552,"Hugh Waldrop","89.80"
43,"Christine Roberts","89.78"
364,"Benjamin Varney","89.78"
73,"Beverly Brooks","89.78"
333,"Andrew Purdy","89.78"
69,"Judy Gray","89.77"
156,"Bertha Ferguson","89.77"
235,"Jackie Lynch","89.77"
233,"Lillie Kim","89.77"
507,"Edgar Rhoads","89.77"
34,"Rebecca Scott","89.76"
463,"Darrell Power","89.76"
361,"Lawrence Lawton","89.71"
249,"Dora Medina","88.81"
247,"Stella Moreno","88.81"
33,"Anna Hill","88.80"
375,"Aaron Selby","88.80"
60,"Mildred Bailey","88.78"
415,"Glenn Pullen","88.78"
231,"Georgia Jacobs","88.77"
53,"Heather Morris","88.76"
133,"Pauline Henry","88.75"
72,"Theresa Watson","88.73"
17,"Donna Thompson","87.82"
203,"Tara Ryan","87.81"
523,"Harvey Guajardo","87.80"
547,"Kurt Emmons","87.80"
305,"Richard Mccrary","87.80"
476,"Derrick Bourque","87.80"
189,"Loretta Carpenter","87.79"
226,"Maureen Little","87.79"
130,"Charlotte Hunter","87.78"
351,"Jack Foust","87.77"
597,"Freddie Duggan","87.77"
509,"Raul Fortier","86.82"
238,"Nellie Garrett","86.81"
501,"Ruben Geary","86.81"
478,"Lewis Lyman","86.81"
195,"Vanessa Sims","86.81"
67,"Kelly Torres","86.80"
169,"Erica Matthews","86.80"
217,"Agnes Bishop","86.79"
101,"Peggy Myers","86.77"
232,"Constance Reid","86.77"
419,"Chad Carbone","86.76"
208,"Lucy Wheeler","86.75"
561,"Ian Still","86.75"
228,"Allison Stanley","86.75"
115,"Wendy Harrison","86.73"
437,"Randall Neumann","85.80"
567,"Alfredo Mcadams","85.80"
455,"Jon Wiles","85.78"
382,"Victor Barkley","85.78"
359,"Willie Markham","85.78"
77,"Jane Bennett","85.77"
8,"Susan Wilson","85.77"
24,"Kimberly Lee","85.77"
450,"Jay Robb","85.75"
542,"Lonnie Tirado","84.84"
55,"Doris Reed","84.81"
545,"Julio Noland","84.81"
88,"Bonnie Hughes","84.80"
539,"Mathew Bolin","84.80"
299,"James Gannon","84.79"
6,"Jennifer Davis","84.75"
140,"Eva Ramos","83.82"
480,"Corey Hauser","83.81"
143,"Leslie Gordon","83.80"
440,"Bernard Colby","83.79"
598,"Wade Delvalle","83.78"
340,"Patrick Newsom","83.77"
496,"Tyler Wren","82.81"
564,"Bob Pfeiffer","82.78"
498,"Gene Sanborn","82.76"
483,"Vernon Chapa","81.83"
524,"Jared Ely","81.83"
174,"Yvonne Watkins","81.81"
308,"Thomas Grigsby","81.81"
322,"Jason Morrissey","81.81"
165,"Lorraine Stephens","81.80"
312,"Mark Rinehart","81.80"
534,"Christian Jung","81.78"
4,"Barbara Jones","81.78"
527,"Cory Meehan","81.76"
215,"Jessie Banks","81.76"
151,"Megan Palmer","81.75"
311,"Paul Trout","80.85"
449,"Oscar Aquino","80.83"
205,"Eileen Carr","80.82"
316,"Steven Curley","80.81"
184,"Vivian Ruiz","80.80"
290,"Kristina Chambers","80.78"
287,"Becky Miles","80.78"
521,"Roland South","80.77"
357,"Keith Rico","80.77"
304,"David Royal","79.81"
109,"Edna West","79.81"
282,"Jenny Castro","79.80"
185,"Roberta Harper","79.80"
387,"Jesse Schilling","79.78"
391,"Clarence Gamez","79.75"
429,"Frederick Isbell","78.84"
599,"Austin Cintron","78.82"
18,"Carol Garcia","78.81"
338,"Dennis Gilman","78.80"
9,"Margaret Moore","78.80"
62,"Joan Cooper","78.79"
298,"Erika Pena","78.79"
227,"Colleen Burton","78.78"
435,"Ricky Shelby","78.77"
223,"Melinda Fernandez","77.84"
402,"Luis Yanez","77.81"
134,"Emma Boyd","77.81"
394,"Chris Brothers","77.80"
384,"Ernest Stepp","77.79"
104,"Rita Graham","77.78"
243,"Lydia Burke","77.77"
246,"Marian Mendoza","76.82"
118,"Kim Cruz","76.80"
93,"Phyllis Foster","76.80"
224,"Pearl Garza","76.78"
70,"Christina Ramirez","75.83"
270,"Leah Curtis","75.81"
358,"Samuel Marlow","75.80"
551,"Clayton Barbee","75.79"
183,"Ida Andrews","75.78"
530,"Darryl Ashcraft","75.78"
194,"Kristen Chavez","74.84"
555,"Dwight Lombardi","74.83"
412,"Allen Butterfield","74.83"
327,"Larry Thrasher","74.81"
420,"Jacob Lance","74.80"
76,"Irene Price","74.79"
142,"April Burns","74.77"
398,"Antonio Meek","73.85"
291,"Toni Holt","73.83"
399,"Danny Isom","73.82"
428,"Herbert Kruger","73.81"
152,"Alicia Mills","73.81"
79,"Rachel Barnes","73.81"
543,"Lance Pemberton","73.80"
335,"Gregory Mauldin","73.78"
596,"Enrique Forsythe","73.78"
411,"Norman Currier","73.76"
95,"Paula Bryant","72.83"
325,"Timothy Bunn","72.82"
556,"Armando Gruber","72.82"
85,"Anne Powell","72.79"
301,"Robert Baughman","71.85"
222,"Delores Hansen","71.84"
94,"Norma Gonzales","71.81"
430,"Ray Houle","71.80"
278,"Billie Horton","71.79"
177,"Samantha Duncan","71.77"
255,"Irma Pearson","70.82"
378,"Eugene Culpepper","70.82"
303,"William Satterfield","70.81"
370,"Wayne Truong","70.81"
117,"Edith Mcdonald","69.83"
369,"Fred Wheat","69.79"
514,"Franklin Troutman","69.79"
310,"Daniel Cabral","68.87"
465,"Floyd Gandy","68.84"
525,"Adrian Clary","68.82"
355,"Terry Grissom","68.81"
283,"Felicia Sutton","68.77"
315,"Kenneth Gooden","67.86"
48,"Ann Evans","67.86"
464,"Jerome Kenyon","67.86"
218,"Vera Mccoy","67.82"
191,"Jeanette Greene","66.82"
458,"Lloyd Dowd","66.81"
568,"Alberto Henning","66.79"
272,"Kay Caldwell","65.87"
353,"Jonathan Scarborough","65.83"
328,"Jeffrey Spear","65.83"
413,"Marvin Yee","65.81"
164,"Joann Gardner","64.85"
344,"Henry Billingsley","64.84"
326,"Jose Andrew","64.82"
313,"Donald Mahon","63.84"
548,"Allan Cornish","63.84"
350,"Juan Fraley","63.79"
557,"Felix Gaffney","63.78"
492,"Lester Kraus","62.85"
549,"Nelson Christenson","62.84"
401,"Tony Carranza","62.81"
330,"Scott Shelley","60.82"
136,"Anita Morales","59.86"
162,"Lauren Hudson","59.83"
159,"Jill Hawkins","58.83"
97,"Annie Russell","58.82"
252,"Mattie Hoffman","58.80"
61,"Katherine Rivera","57.87"
124,"Sheila Wells","57.86"
395,"Johnny Turpin","57.81"
271,"Penny Neal","56.84"
250,"Jo Fowler","54.85"
288,"Bobbie Craig","52.81"
586,"Kirk Stclair","50.83"
110,"Tiffany Jordan","49.88"
320,"Anthony Schwab","47.85"
248,"Caroline Bowman","37.87"
281,"Leona Obrien","32.90"
318,"Brian Wyman","27.93"
